datetime,current_mcp,pred_t+15min,pred_t+1hr,pred_t+2hr,actual_t1,actual_t4,actual_t8,decision,confidence,reason,correct_prediction
2019-01-02 00:00:00,2410.32,2413.48193359375,2415.931396484375,2287.6806640625,2402.82,1999.8,1749.37,HOLD,0.0,Prediction below noise floor,False
2019-01-02 00:15:00,2402.82,2413.48193359375,2413.059326171875,2285.84765625,2402.8,1999.53,1711.25,HOLD,0.0,Prediction below noise floor,False
2019-01-02 00:30:00,2402.8,2413.48193359375,2414.57958984375,2265.9169921875,2070.61,1950.24,1711.55,HOLD,0.0,Prediction below noise floor,False
2019-01-02 00:45:00,2070.61,2102.857421875,2114.983154296875,2114.670166015625,1999.8,1826.7,1716.65,HOLD,0.1617,"Upward move of 1.56%. Strength=0.27×vol, Regime=afternoon.",False
2019-01-02 01:00:00,1999.8,2042.954345703125,2050.350830078125,2013.4395751953125,1999.53,1749.37,1749.13,BUY,0.224,"Upward move of 2.16%. Strength=0.37×vol, Regime=afternoon.",False
2019-01-02 01:15:00,1999.53,2030.3111572265625,2020.7587890625,1973.947509765625,1950.24,1711.25,1749.19,HOLD,0.1598,"Upward move of 1.54%. Strength=0.27×vol, Regime=afternoon.",False
2019-01-02 01:30:00,1950.24,1969.2392578125,1947.591064453125,1902.2337646484375,1826.7,1711.55,1749.41,HOLD,0.0168,Weak signal vs volatility,False
2019-01-02 01:45:00,1826.7,1869.6495361328125,1883.034912109375,1844.72314453125,1749.37,1716.65,1749.69,BUY,0.2441,"Upward move of 2.35%. Strength=0.41×vol, Regime=afternoon.",False
2019-01-02 02:00:00,1749.37,1788.6539306640625,1806.4537353515625,1795.8726806640625,1711.25,1749.13,1800.77,BUY,0.2331,"Upward move of 2.25%. Strength=0.39×vol, Regime=afternoon.",False
2019-01-02 02:15:00,1711.25,1767.9302978515625,1781.6619873046875,1787.192626953125,1711.55,1749.19,1953.88,BUY,0.3438,"Upward move of 3.31%. Strength=0.57×vol, Regime=afternoon.",True
2019-01-02 02:30:00,1711.55,1767.9302978515625,1781.44287109375,1787.192626953125,1716.65,1749.41,1999.68,BUY,0.342,"Upward move of 3.29%. Strength=0.57×vol, Regime=afternoon.",True
2019-01-02 02:45:00,1716.65,1788.6539306640625,1800.834716796875,1795.8726806640625,1749.13,1749.69,1999.59,BUY,0.4354,"Upward move of 4.19%. Strength=0.72×vol, Regime=afternoon.",True
2019-01-02 03:00:00,1749.13,1788.6539306640625,1816.95556640625,1942.5859375,1749.19,1800.77,2124.48,BUY,0.2346,"Upward move of 2.26%. Strength=0.39×vol, Regime=afternoon.",True
2019-01-02 03:15:00,1749.19,1788.6539306640625,1816.6759033203125,1943.517578125,1749.41,1953.88,2270.71,BUY,0.2342,"Upward move of 2.26%. Strength=0.39×vol, Regime=afternoon.",True
2019-01-02 03:30:00,1749.41,1788.6539306640625,1814.84423828125,1939.4879150390625,1749.69,1999.68,1999.92,BUY,0.2329,"Upward move of 2.24%. Strength=0.39×vol, Regime=afternoon.",True
2019-01-02 03:45:00,1749.69,1788.6539306640625,1814.84423828125,1938.1243896484375,1800.77,1999.59,2220.99,BUY,0.2312,"Upward move of 2.23%. Strength=0.38×vol, Regime=afternoon.",True
2019-01-02 04:00:00,1800.77,1869.0048828125,1938.9903564453125,2042.239990234375,1953.88,2124.48,2991.0,BUY,0.3933,"Upward move of 3.79%. Strength=0.65×vol, Regime=afternoon.",True
2019-01-02 04:15:00,1953.88,1970.5240478515625,2055.16845703125,2135.88525390625,1999.68,2270.71,3411.17,HOLD,0.0147,Weak signal vs volatility,True
2019-01-02 04:30:00,1999.68,2042.6590576171875,2163.861572265625,2174.197509765625,1999.59,1999.92,3566.85,BUY,0.2231,"Upward move of 2.15%. Strength=0.37×vol, Regime=afternoon.",False
2019-01-02 04:45:00,1999.59,2042.6590576171875,2174.951171875,2180.300048828125,2124.48,2220.99,3842.95,BUY,0.2236,"Upward move of 2.15%. Strength=0.37×vol, Regime=afternoon.",True
2019-01-02 05:00:00,2124.48,2161.914794921875,2305.08935546875,2232.092041015625,2270.71,2991.0,3979.7,HOLD,0.1829,"Upward move of 1.76%. Strength=0.30×vol, Regime=afternoon.",True
2019-01-02 05:15:00,2270.71,2307.77685546875,2430.64697265625,2312.68115234375,1999.92,3411.17,3990.34,HOLD,0.1695,"Upward move of 1.63%. Strength=0.28×vol, Regime=afternoon.",False
2019-01-02 05:30:00,1999.92,2051.280517578125,2243.056884765625,2237.79052734375,2220.99,3566.85,4942.96,BUY,0.2666,"Upward move of 2.57%. Strength=0.44×vol, Regime=afternoon.",True
2019-01-02 05:45:00,2220.99,2230.95166015625,2422.47314453125,2334.785400390625,2991.0,3842.95,5485.82,HOLD,0.0,Prediction below noise floor,True
2019-01-02 06:00:00,2991.0,2941.105224609375,2934.0537109375,3007.202880859375,3411.17,3979.7,6500.01,HOLD,0.1732,"Downward move of 1.67%. Strength=0.29×vol, Regime=afternoon.",False
2019-01-02 06:15:00,3411.17,3332.572265625,3268.35546875,3550.62841796875,3566.85,3990.34,5795.0,SELL,0.2392,"Downward move of 2.30%. Strength=0.40×vol, Regime=afternoon.",False
2019-01-02 06:30:00,3566.85,3503.259033203125,3418.35546875,3648.358154296875,3842.95,4942.96,6202.75,HOLD,0.1851,"Downward move of 1.78%. Strength=0.31×vol, Regime=afternoon.",False
2019-01-02 06:45:00,3842.95,3741.736083984375,3568.87255859375,3781.873046875,3979.7,5485.82,5814.92,SELL,0.2734,"Downward move of 2.63%. Strength=0.45×vol, Regime=afternoon.",False
2019-01-02 07:00:00,3979.7,3890.8974609375,3831.405029296875,3876.76611328125,3990.34,6500.01,6562.33,SELL,0.2316,"Downward move of 2.23%. Strength=0.38×vol, Regime=afternoon.",False
2019-01-02 07:15:00,3990.34,3901.584228515625,3838.574462890625,3930.36474609375,4942.96,5795.0,5507.34,SELL,0.2309,"Downward move of 2.22%. Strength=0.38×vol, Regime=afternoon.",False
2019-01-02 07:30:00,4942.96,4758.068359375,4625.3994140625,4779.4208984375,5485.82,6202.75,5250.85,SELL,0.3883,"Downward move of 3.74%. Strength=0.64×vol, Regime=afternoon.",False
2019-01-02 07:45:00,5485.82,5273.08544921875,5051.63232421875,5158.24658203125,6500.01,5814.92,5500.34,SELL,0.4026,"Downward move of 3.88%. Strength=0.67×vol, Regime=afternoon.",False
2019-01-02 08:00:00,6500.01,6311.734375,6051.38818359375,6763.51611328125,5795.0,6562.33,5100.16,SELL,0.3007,"Downward move of 2.90%. Strength=0.50×vol, Regime=afternoon.",True
2019-01-02 08:15:00,5795.0,5684.07421875,5233.9052734375,5268.16845703125,6202.75,5507.34,4999.2,HOLD,0.1987,"Downward move of 1.91%. Strength=0.33×vol, Regime=afternoon.",False
2019-01-02 08:30:00,6202.75,6194.8037109375,5693.9775390625,6541.74365234375,5814.92,5250.85,4942.94,HOLD,0.0,Prediction below noise floor,True
2019-01-02 08:45:00,5814.92,5684.07421875,5193.96875,5211.734375,6562.33,5500.34,4942.94,SELL,0.2336,"Downward move of 2.25%. Strength=0.39×vol, Regime=afternoon.",False
2019-01-02 09:00:00,6562.33,6455.017578125,6003.630859375,6586.50048828125,5507.34,5100.16,4000.25,HOLD,0.1698,"Downward move of 1.64%. Strength=0.28×vol, Regime=afternoon.",True
2019-01-02 09:15:00,5507.34,5389.2177734375,4956.744140625,5323.6748046875,5250.85,4999.2,4510.99,SELL,0.2226,"Downward move of 2.14%. Strength=0.37×vol, Regime=afternoon.",True
2019-01-02 09:30:00,5250.85,5135.3017578125,4846.83935546875,4936.10888671875,5500.34,4942.94,4000.05,SELL,0.2284,"Downward move of 2.20%. Strength=0.38×vol, Regime=afternoon.",False
2019-01-02 09:45:00,5500.34,5317.14208984375,4898.3203125,5035.263671875,5100.16,4942.94,3800.1,SELL,0.3457,"Downward move of 3.33%. Strength=0.57×vol, Regime=afternoon.",True
2019-01-02 10:00:00,5100.16,5019.60400390625,4633.58642578125,4646.95654296875,4999.2,4000.25,3800.71,HOLD,0.164,"Downward move of 1.58%. Strength=0.27×vol, Regime=afternoon.",True
2019-01-02 10:15:00,4999.2,4840.5,4587.9140625,4606.916015625,4942.94,4510.99,3667.73,SELL,0.3295,"Downward move of 3.17%. Strength=0.55×vol, Regime=afternoon.",True
2019-01-02 10:30:00,4942.94,4788.8994140625,4531.41552734375,4579.09716796875,4942.94,4000.05,3597.73,SELL,0.3235,"Downward move of 3.12%. Strength=0.54×vol, Regime=afternoon.",True
2019-01-02 10:45:00,4942.94,4786.42236328125,4525.1767578125,4556.14404296875,4000.25,3800.1,3499.9,SELL,0.3287,"Downward move of 3.17%. Strength=0.55×vol, Regime=afternoon.",True
2019-01-02 11:00:00,4000.25,3985.36279296875,3826.42236328125,3668.688720703125,4510.99,3800.71,3422.91,HOLD,0.0,Prediction below noise floor,False
2019-01-02 11:15:00,4510.99,4503.00830078125,4254.615234375,4136.0146484375,4000.05,3667.73,3279.24,HOLD,0.0,Prediction below noise floor,True
2019-01-02 11:30:00,4000.05,3957.336669921875,3779.36376953125,3633.810302734375,3800.1,3597.73,3250.85,HOLD,0.0184,Weak signal vs volatility,True
2019-01-02 11:45:00,3800.1,3750.79833984375,3599.208740234375,3557.178955078125,3800.71,3499.9,3249.28,HOLD,0.0224,Weak signal vs volatility,False
2019-01-02 12:00:00,3800.71,3748.4150390625,3525.656494140625,3574.5068359375,3667.73,3422.91,3120.97,HOLD,0.0237,Weak signal vs volatility,True
2019-01-02 12:15:00,3667.73,3649.265869140625,3471.81494140625,3506.073974609375,3597.73,3279.24,3249.61,HOLD,0.0087,Weak signal vs volatility,True
2019-01-02 12:30:00,3597.73,3594.756591796875,3483.668701171875,3511.457763671875,3499.9,3250.85,3279.07,HOLD,0.0,Prediction below noise floor,True
2019-01-02 12:45:00,3499.9,3484.59619140625,3448.84326171875,3482.816650390625,3422.91,3249.28,3449.18,HOLD,0.0,Prediction below noise floor,True
2019-01-02 13:00:00,3422.91,3416.032958984375,3554.75830078125,3600.802734375,3279.24,3120.97,3465.17,HOLD,0.0,Prediction below noise floor,True
2019-01-02 13:15:00,3279.24,3262.76416015625,3402.703857421875,3365.17529296875,3250.85,3249.61,3470.97,HOLD,0.0087,Weak signal vs volatility,True
2019-01-02 13:30:00,3250.85,3256.110595703125,3375.197509765625,3309.8525390625,3249.28,3279.07,3596.8,HOLD,0.0,Prediction below noise floor,False
2019-01-02 13:45:00,3249.28,3239.189697265625,3368.83642578125,3303.61669921875,3120.97,3449.18,3793.16,HOLD,0.0,Prediction below noise floor,True
2019-01-02 14:00:00,3120.97,3131.297119140625,3291.765625,3417.08154296875,3249.61,3465.17,3699.0,HOLD,0.0,Prediction below noise floor,True
2019-01-02 14:15:00,3249.61,3251.857666015625,3390.2744140625,3404.240478515625,3279.07,3470.97,4068.58,HOLD,0.0,Prediction below noise floor,True
2019-01-02 14:30:00,3279.07,3269.350830078125,3406.0029296875,3466.177001953125,3449.18,3596.8,4779.37,HOLD,0.0,Prediction below noise floor,False
2019-01-02 14:45:00,3449.18,3447.182373046875,3564.549072265625,3704.746337890625,3465.17,3793.16,5002.96,HOLD,0.0,Prediction below noise floor,False
2019-01-02 15:00:00,3465.17,3465.052490234375,3611.783447265625,3905.0712890625,3470.97,3699.0,4000.54,HOLD,0.0,Prediction below noise floor,False
2019-01-02 15:15:00,3470.97,3465.052490234375,3612.318115234375,3909.872314453125,3596.8,4068.58,4179.42,HOLD,0.0,Prediction below noise floor,False
2019-01-02 15:30:00,3596.8,3620.700927734375,3770.037353515625,3987.540283203125,3793.16,4779.37,4942.27,HOLD,0.0115,Weak signal vs volatility,True
2019-01-02 15:45:00,3793.16,3766.3017578125,3843.545654296875,4394.1083984375,3699.0,5002.96,5204.22,HOLD,0.0122,Weak signal vs volatility,True
2019-01-02 16:00:00,3699.0,3690.73046875,3804.655029296875,4717.75146484375,4068.58,4000.54,5100.55,HOLD,0.0,Prediction below noise floor,False
2019-01-02 16:15:00,4068.58,4067.426513671875,4209.38232421875,5483.20361328125,4779.37,4179.42,5100.77,HOLD,0.0,Prediction below noise floor,False
2019-01-02 16:30:00,4779.37,4745.39208984375,4966.2958984375,9422.865234375,5002.96,4942.27,4990.57,HOLD,0.0123,Weak signal vs volatility,False
2019-01-02 16:45:00,5002.96,5061.927734375,5452.13427734375,9680.259765625,4000.54,5204.22,4942.68,HOLD,0.0203,Weak signal vs volatility,False
2019-01-02 17:00:00,4000.54,3998.95556640625,4189.3505859375,5306.8994140625,4179.42,5100.55,4942.36,HOLD,0.0,Prediction below noise floor,False
2019-01-02 17:15:00,4179.42,4168.302734375,4365.517578125,6107.1435546875,4942.27,5100.77,5041.92,HOLD,0.0,Prediction below noise floor,False
2019-01-02 17:30:00,4942.27,4864.412109375,5488.65478515625,9245.4951171875,5204.22,4990.57,4500.15,HOLD,0.1635,"Upward move of 1.58%. Strength=0.27×vol, Regime=afternoon.",False
2019-01-02 17:45:00,5204.22,5229.03076171875,6078.84521484375,9725.4853515625,5100.55,4942.68,4249.94,HOLD,0.0,Prediction below noise floor,False
2019-01-02 18:00:00,5100.55,5204.51416015625,5501.46142578125,8371.302734375,5100.77,4942.36,4000.96,HOLD,0.2116,"Upward move of 2.04%. Strength=0.35×vol, Regime=afternoon.",True
2019-01-02 18:15:00,5100.77,5189.3095703125,5453.5849609375,8517.0146484375,4990.57,5041.92,3600.53,HOLD,0.1802,"Upward move of 1.74%. Strength=0.30×vol, Regime=afternoon.",False
2019-01-02 18:30:00,4990.57,4988.26123046875,5328.8486328125,8247.669921875,4942.68,4500.15,3594.48,HOLD,0.0,Prediction below noise floor,True
2019-01-02 18:45:00,4942.68,4919.73046875,5153.064453125,8173.53125,4942.36,4249.94,3448.45,HOLD,0.0,Prediction below noise floor,True
2019-01-02 19:00:00,4942.36,4864.02392578125,5054.853515625,7557.34423828125,5041.92,4000.96,3061.57,HOLD,0.1645,"Upward move of 1.58%. Strength=0.27×vol, Regime=afternoon.",False
2019-01-02 19:15:00,5041.92,5070.2978515625,5220.115234375,7780.87548828125,4500.15,3600.53,2984.24,HOLD,0.0097,Weak signal vs volatility,False
2019-01-02 19:30:00,4500.15,4446.80078125,4369.396484375,6391.03271484375,4249.94,3594.48,2658.79,HOLD,0.0204,Weak signal vs volatility,True
2019-01-02 19:45:00,4249.94,4234.31884765625,4218.58056640625,5109.0859375,4000.96,3448.45,2459.42,HOLD,0.0,Prediction below noise floor,True
2019-01-02 20:00:00,4000.96,3983.603759765625,4028.386962890625,4756.328125,3600.53,3061.57,2464.0,HOLD,0.0,Prediction below noise floor,True
2019-01-02 20:15:00,3600.53,3610.18603515625,3727.050048828125,4137.28271484375,3594.48,2984.24,2402.93,HOLD,0.0,Prediction below noise floor,False
2019-01-02 20:30:00,3594.48,3583.638671875,3685.48291015625,4043.88330078125,3448.45,2658.79,2683.15,HOLD,0.0,Prediction below noise floor,True
2019-01-02 20:45:00,3448.45,3405.24169921875,3484.9716796875,3873.32373046875,3061.57,2459.42,2763.92,HOLD,0.0216,Weak signal vs volatility,True
2019-01-02 21:00:00,3061.57,3062.4677734375,3118.071533203125,3121.934814453125,2984.24,2464.0,2503.5,HOLD,0.0,Prediction below noise floor,False
2019-01-02 21:15:00,2984.24,2961.978271484375,2972.0263671875,3026.234375,2658.79,2402.93,2584.47,HOLD,0.0129,Weak signal vs volatility,True
2019-01-02 21:30:00,2658.79,2654.448486328125,2745.96435546875,2722.056640625,2459.42,2683.15,2500.91,HOLD,0.0,Prediction below noise floor,True
2019-01-02 21:45:00,2459.42,2467.464111328125,2563.826904296875,2557.52685546875,2464.0,2763.92,2402.81,HOLD,0.0,Prediction below noise floor,True
2019-01-02 22:00:00,2464.0,2470.110107421875,2530.494384765625,2451.421875,2402.93,2503.5,1999.41,HOLD,0.0,Prediction below noise floor,False
2019-01-02 22:15:00,2402.93,2427.772216796875,2472.59912109375,2392.969482421875,2683.15,2584.47,1999.09,HOLD,0.0178,Weak signal vs volatility,True
2019-01-02 22:30:00,2683.15,2661.89208984375,2717.705810546875,2669.164306640625,2763.92,2500.91,1840.98,HOLD,0.0137,Weak signal vs volatility,False
2019-01-02 22:45:00,2763.92,2743.3515625,2785.97607421875,2735.776123046875,2503.5,2402.81,1796.5,HOLD,0.0128,Weak signal vs volatility,True
2019-01-02 23:00:00,2503.5,2515.329833984375,2591.09619140625,2526.8837890625,2584.47,1999.41,1749.94,HOLD,0.0,Prediction below noise floor,True
2019-01-02 23:15:00,2584.47,2562.1884765625,2626.28857421875,2524.556396484375,2500.91,1999.09,1749.76,HOLD,0.0149,Weak signal vs volatility,True
2019-01-02 23:30:00,2500.91,2515.329833984375,2591.1328125,2522.9052734375,2402.81,1840.98,1749.41,HOLD,0.0099,Weak signal vs volatility,False
2019-01-02 23:45:00,2402.81,2417.19287109375,2468.32666015625,2383.505126953125,1999.41,1796.5,1749.25,HOLD,0.0103,Weak signal vs volatility,False
2019-01-03 00:00:00,1999.41,2016.0665283203125,2024.1280517578125,2014.61865234375,1999.09,1749.94,1749.3,HOLD,0.0144,Weak signal vs volatility,False
2019-01-03 00:15:00,1999.09,1995.69921875,1978.0499267578125,1966.2618408203125,1840.98,1749.76,1749.25,HOLD,0.0,Prediction below noise floor,True
2019-01-03 00:30:00,1840.98,1869.6495361328125,1872.4417724609375,1860.11669921875,1796.5,1749.41,1749.2,HOLD,0.1617,"Upward move of 1.56%. Strength=0.27×vol, Regime=afternoon.",False
2019-01-03 00:45:00,1796.5,1834.3358154296875,1824.0927734375,1816.947509765625,1749.94,1749.25,1749.12,BUY,0.2186,"Upward move of 2.11%. Strength=0.36×vol, Regime=afternoon.",False
2019-01-03 01:00:00,1749.94,1788.6539306640625,1789.5291748046875,1789.9705810546875,1749.76,1749.3,1749.01,BUY,0.2297,"Upward move of 2.21%. Strength=0.38×vol, Regime=afternoon.",False
2019-01-03 01:15:00,1749.76,1788.6539306640625,1789.5291748046875,1791.03173828125,1749.41,1749.25,1749.13,BUY,0.2307,"Upward move of 2.22%. Strength=0.38×vol, Regime=afternoon.",False
2019-01-03 01:30:00,1749.41,1788.6539306640625,1789.5291748046875,1760.05615234375,1749.25,1749.2,1749.2,BUY,0.2329,"Upward move of 2.24%. Strength=0.39×vol, Regime=afternoon.",False
2019-01-03 01:45:00,1749.25,1788.6539306640625,1789.5291748046875,1760.05615234375,1749.3,1749.12,1749.27,BUY,0.2338,"Upward move of 2.25%. Strength=0.39×vol, Regime=afternoon.",True
2019-01-03 02:00:00,1749.3,1788.6539306640625,1789.5291748046875,1768.566162109375,1749.25,1749.01,1749.09,BUY,0.2335,"Upward move of 2.25%. Strength=0.39×vol, Regime=afternoon.",False
2019-01-03 02:15:00,1749.25,1788.6539306640625,1789.5291748046875,1768.566162109375,1749.2,1749.13,1749.25,BUY,0.2338,"Upward move of 2.25%. Strength=0.39×vol, Regime=afternoon.",False
2019-01-03 02:30:00,1749.2,1788.6539306640625,1789.5291748046875,1768.566162109375,1749.12,1749.2,1749.98,BUY,0.2341,"Upward move of 2.26%. Strength=0.39×vol, Regime=afternoon.",False
2019-01-03 02:45:00,1749.12,1788.6539306640625,1789.5291748046875,1768.117431640625,1749.01,1749.27,1800.12,BUY,0.2346,"Upward move of 2.26%. Strength=0.39×vol, Regime=afternoon.",False
2019-01-03 03:00:00,1749.01,1788.6539306640625,1800.250244140625,1907.35107421875,1749.13,1749.09,1953.06,BUY,0.2353,"Upward move of 2.27%. Strength=0.39×vol, Regime=afternoon.",True
2019-01-03 03:15:00,1749.13,1788.6539306640625,1800.250244140625,1902.5179443359375,1749.2,1749.25,1999.15,BUY,0.2346,"Upward move of 2.26%. Strength=0.39×vol, Regime=afternoon.",True
2019-01-03 03:30:00,1749.2,1788.6539306640625,1800.250244140625,1906.41552734375,1749.27,1749.98,1899.62,BUY,0.2341,"Upward move of 2.26%. Strength=0.39×vol, Regime=afternoon.",True
2019-01-03 03:45:00,1749.27,1788.6539306640625,1803.160400390625,1903.6685791015625,1749.09,1800.12,1830.87,BUY,0.2337,"Upward move of 2.25%. Strength=0.39×vol, Regime=afternoon.",False
2019-01-03 04:00:00,1749.09,1789.938720703125,1812.1883544921875,1939.9482421875,1749.25,1953.06,1999.43,BUY,0.2424,"Upward move of 2.34%. Strength=0.40×vol, Regime=afternoon.",True
2019-01-03 04:15:00,1749.25,1789.938720703125,1812.1883544921875,1959.234130859375,1749.98,1999.15,3000.67,BUY,0.2415,"Upward move of 2.33%. Strength=0.40×vol, Regime=afternoon.",True
2019-01-03 04:30:00,1749.98,1789.938720703125,1816.1949462890625,2007.3636474609375,1800.12,1899.62,3174.65,BUY,0.237,"Upward move of 2.28%. Strength=0.39×vol, Regime=afternoon.",True
2019-01-03 04:45:00,1800.12,1869.0048828125,1936.9896240234375,2074.9677734375,1953.06,1830.87,3549.02,BUY,0.3972,"Upward move of 3.83%. Strength=0.66×vol, Regime=afternoon.",True
2019-01-03 05:00:00,1953.06,1970.5240478515625,2108.85986328125,2176.4052734375,1999.15,1999.43,3667.77,HOLD,0.0154,Weak signal vs volatility,True
2019-01-03 05:15:00,1999.15,2008.2503662109375,2167.949462890625,2209.203125,1899.62,3000.67,3682.74,HOLD,0.0,Prediction below noise floor,False
2019-01-03 05:30:00,1899.62,1932.4251708984375,2117.00634765625,2196.8603515625,1830.87,3174.65,4068.03,HOLD,0.1793,"Upward move of 1.73%. Strength=0.30×vol, Regime=afternoon.",False
2019-01-03 05:45:00,1830.87,1871.8619384765625,2007.254150390625,2139.017578125,1999.43,3549.02,4400.35,BUY,0.2324,"Upward move of 2.24%. Strength=0.39×vol, Regime=afternoon.",True
2019-01-03 06:00:00,1999.43,2034.7322998046875,2232.9404296875,2259.75537109375,3000.67,3667.77,4921.96,HOLD,0.1833,"Upward move of 1.77%. Strength=0.30×vol, Regime=afternoon.",True
2019-01-03 06:15:00,3000.67,2968.334716796875,2993.049072265625,3067.694091796875,3174.65,3682.74,4800.99,HOLD,0.0186,Weak signal vs volatility,False
2019-01-03 06:30:00,3174.65,3139.983154296875,3121.20849609375,3251.446533203125,3549.02,4068.03,4544.3,HOLD,0.0188,Weak signal vs volatility,False
2019-01-03 06:45:00,3549.02,3483.29345703125,3416.854736328125,3622.6240234375,3667.77,4400.35,4750.19,HOLD,0.1922,"Downward move of 1.85%. Strength=0.32×vol, Regime=afternoon.",False
2019-01-03 07:00:00,3667.77,3606.628662109375,3492.723876953125,3679.619384765625,3682.74,4921.96,5050.81,HOLD,0.173,"Downward move of 1.67%. Strength=0.29×vol, Regime=afternoon.",False
2019-01-03 07:15:00,3682.74,3610.263427734375,3535.403564453125,3663.89453125,4068.03,4800.99,4999.72,HOLD,0.2043,"Downward move of 1.97%. Strength=0.34×vol, Regime=afternoon.",False
2019-01-03 07:30:00,4068.03,4017.239501953125,3931.838623046875,3904.707275390625,4400.35,4544.3,4990.76,HOLD,0.0215,Weak signal vs volatility,False
2019-01-03 07:45:00,4400.35,4282.734375,4096.9052734375,4062.974609375,4921.96,4750.19,4990.55,SELL,0.2775,"Downward move of 2.67%. Strength=0.46×vol, Regime=afternoon.",False
2019-01-03 08:00:00,4921.96,4743.75537109375,4491.02880859375,4739.72802734375,4800.99,5050.81,4999.09,SELL,0.3758,"Downward move of 3.62%. Strength=0.62×vol, Regime=afternoon.",True
2019-01-03 08:15:00,4800.99,4665.20751953125,4394.951171875,4693.037109375,4544.3,4999.72,4999.46,SELL,0.2936,"Downward move of 2.83%. Strength=0.49×vol, Regime=afternoon.",True
2019-01-03 08:30:00,4544.3,4468.8896484375,4318.95068359375,4550.9501953125,4750.19,4990.76,4990.55,HOLD,0.1723,"Downward move of 1.66%. Strength=0.29×vol, Regime=afternoon.",False
2019-01-03 08:45:00,4750.19,4635.7890625,4390.25439453125,4689.3642578125,5050.81,4990.55,4990.64,SELL,0.25,"Downward move of 2.41%. Strength=0.42×vol, Regime=afternoon.",False
2019-01-03 09:00:00,5050.81,4967.9970703125,4602.91748046875,4902.54833984375,4999.72,4999.09,4510.52,HOLD,0.1702,"Downward move of 1.64%. Strength=0.28×vol, Regime=afternoon.",True
2019-01-03 09:15:00,4999.72,4880.48095703125,4580.85888671875,4762.646484375,4990.76,4999.46,4853.5,SELL,0.2476,"Downward move of 2.38%. Strength=0.41×vol, Regime=afternoon.",True
2019-01-03 09:30:00,4990.76,4809.6689453125,4540.80615234375,4656.07275390625,4990.55,4990.55,4300.55,SELL,0.3767,"Downward move of 3.63%. Strength=0.63×vol, Regime=afternoon.",True
2019-01-03 09:45:00,4990.55,4809.6689453125,4512.9794921875,4639.23486328125,4999.09,4990.64,3999.27,SELL,0.3762,"Downward move of 3.62%. Strength=0.62×vol, Regime=afternoon.",False
2019-01-03 10:00:00,4999.09,4809.6689453125,4512.27197265625,4516.9091796875,4999.46,4510.52,3980.89,SELL,0.3933,"Downward move of 3.79%. Strength=0.65×vol, Regime=afternoon.",False
2019-01-03 10:15:00,4999.46,4893.63037109375,4527.64697265625,4486.38525390625,4990.55,4853.5,3950.83,SELL,0.2197,"Downward move of 2.12%. Strength=0.36×vol, Regime=afternoon.",True
2019-01-03 10:30:00,4990.55,4809.6689453125,4529.6865234375,4433.13720703125,4990.64,4300.55,3551.6,SELL,0.3762,"Downward move of 3.62%. Strength=0.62×vol, Regime=afternoon.",False
2019-01-03 10:45:00,4990.64,4809.6689453125,4531.05615234375,4467.41015625,4510.52,3999.27,3499.57,SELL,0.3764,"Downward move of 3.63%. Strength=0.63×vol, Regime=afternoon.",True
2019-01-03 11:00:00,4510.52,4477.8583984375,4122.4912109375,4010.8701171875,4853.5,3980.89,3117.47,HOLD,0.0125,Weak signal vs volatility,False
2019-01-03 11:15:00,4853.5,4681.43505859375,4337.40966796875,4292.06591796875,4300.55,3950.83,3019.9,SELL,0.368,"Downward move of 3.55%. Strength=0.61×vol, Regime=afternoon.",True
2019-01-03 11:30:00,4300.55,4218.98583984375,3966.197509765625,3756.761962890625,3999.27,3551.6,2999.76,HOLD,0.1969,"Downward move of 1.90%. Strength=0.33×vol, Regime=afternoon.",True
2019-01-03 11:45:00,3999.27,3937.46923828125,3740.447998046875,3499.5498046875,3980.89,3499.57,2910.97,HOLD,0.1604,"Downward move of 1.55%. Strength=0.27×vol, Regime=afternoon.",True
2019-01-03 12:00:00,3980.89,3893.249755859375,3658.10302734375,3542.525390625,3950.83,3117.47,2850.57,SELL,0.2285,"Downward move of 2.20%. Strength=0.38×vol, Regime=afternoon.",True
2019-01-03 12:15:00,3950.83,3849.377197265625,3626.21044921875,3530.64404296875,3551.6,3019.9,2999.25,SELL,0.2666,"Downward move of 2.57%. Strength=0.44×vol, Regime=afternoon.",True
2019-01-03 12:30:00,3551.6,3537.316162109375,3447.490234375,3385.63671875,3499.57,2999.76,2999.45,HOLD,0.0,Prediction below noise floor,True
2019-01-03 12:45:00,3499.57,3464.74267578125,3392.67529296875,3379.561767578125,3117.47,2910.97,2999.69,HOLD,0.0172,Weak signal vs volatility,True
2019-01-03 13:00:00,3117.47,3111.59619140625,3235.684326171875,3290.575927734375,3019.9,2850.57,2999.73,HOLD,0.0,Prediction below noise floor,True
2019-01-03 13:15:00,3019.9,3027.412109375,3179.231689453125,3286.560546875,2999.76,2999.25,3108.57,HOLD,0.0,Prediction below noise floor,False
2019-01-03 13:30:00,2999.76,2999.105712890625,3161.533447265625,3277.06640625,2910.97,2999.45,3151.4,HOLD,0.0,Prediction below noise floor,True
2019-01-03 13:45:00,2910.97,2905.635986328125,3055.40673828125,3135.63525390625,2850.57,2999.69,3166.9,HOLD,0.0,Prediction below noise floor,True
2019-01-03 14:00:00,2850.57,2849.1318359375,3019.41064453125,3276.708740234375,2999.25,2999.73,3400.35,HOLD,0.0,Prediction below noise floor,False
2019-01-03 14:15:00,2999.25,2999.399658203125,3158.580810546875,3393.9697265625,2999.45,3108.57,3500.36,HOLD,0.0,Prediction below noise floor,True
2019-01-03 14:30:00,2999.45,2992.36669921875,3138.076416015625,3395.4248046875,2999.69,3151.4,3566.38,HOLD,0.0,Prediction below noise floor,False
2019-01-03 14:45:00,2999.69,3005.6923828125,3183.5712890625,3405.905029296875,2999.73,3166.9,4068.19,HOLD,0.0,Prediction below noise floor,True
2019-01-03 15:00:00,2999.73,3012.725341796875,3213.276611328125,3408.00439453125,3108.57,3400.35,3819.06,HOLD,0.0,Prediction below noise floor,True
2019-01-03 15:15:00,3108.57,3120.218505859375,3292.71630859375,3438.5556640625,3151.4,3500.36,4000.02,HOLD,0.0,Prediction below noise floor,True
2019-01-03 15:30:00,3151.4,3162.1748046875,3321.054931640625,3451.49755859375,3166.9,3566.38,4300.14,HOLD,0.0,Prediction below noise floor,True
2019-01-03 15:45:00,3166.9,3172.129638671875,3340.751953125,3456.22998046875,3400.35,4068.19,4500.79,HOLD,0.0,Prediction below noise floor,True
2019-01-03 16:00:00,3400.35,3371.469970703125,3529.09423828125,4092.432861328125,3500.36,3819.06,4916.0,HOLD,0.0146,Weak signal vs volatility,False
2019-01-03 16:15:00,3500.36,3498.30712890625,3649.881591796875,4205.466796875,3566.38,4000.02,4921.73,HOLD,0.0,Prediction below noise floor,False
2019-01-03 16:30:00,3566.38,3560.73583984375,3707.956787109375,4394.15234375,4068.19,4300.14,4921.42,HOLD,0.0,Prediction below noise floor,False
2019-01-03 16:45:00,4068.19,4051.072021484375,4176.83544921875,5528.10205078125,3819.06,4500.79,4921.45,HOLD,0.0,Prediction below noise floor,True
2019-01-03 17:00:00,3819.06,3774.766357421875,3902.657470703125,4816.3369140625,4000.02,4916.0,4469.29,HOLD,0.02,Weak signal vs volatility,False
2019-01-03 17:15:00,4000.02,3978.4638671875,4137.98486328125,5268.7314453125,4300.14,4921.73,4200.05,HOLD,0.0093,Weak signal vs volatility,False
2019-01-03 17:30:00,4300.14,4270.66748046875,4397.09716796875,6235.68212890625,4500.79,4921.42,4000.75,HOLD,0.0118,Weak signal vs volatility,False
2019-01-03 17:45:00,4500.79,4534.84130859375,4554.75146484375,7602.1640625,4916.0,4921.45,3740.8,HOLD,0.013,Weak signal vs volatility,True
2019-01-03 18:00:00,4916.0,4915.70849609375,5068.95263671875,8222.3564453125,4921.73,4469.29,4000.09,HOLD,0.0,Prediction below noise floor,False
2019-01-03 18:15:00,4921.73,4915.70849609375,5055.79345703125,8244.994140625,4921.42,4200.05,3960.38,HOLD,0.0,Prediction below noise floor,True
2019-01-03 18:30:00,4921.42,4915.70849609375,5034.306640625,8244.994140625,4921.45,4000.75,3628.37,HOLD,0.0,Prediction below noise floor,False
2019-01-03 18:45:00,4921.45,4915.03173828125,5035.96728515625,8234.9169921875,4469.29,3740.8,3590.77,HOLD,0.0,Prediction below noise floor,True
2019-01-03 19:00:00,4469.29,4428.80419921875,4286.4609375,5330.60009765625,4200.05,4000.09,3300.28,HOLD,0.0156,Weak signal vs volatility,True
2019-01-03 19:15:00,4200.05,4167.1435546875,4171.85693359375,5107.7841796875,4000.75,3960.38,3279.22,HOLD,0.0135,Weak signal vs volatility,True
2019-01-03 19:30:00,4000.75,3986.05615234375,4063.194580078125,4725.5361328125,3740.8,3628.37,3065.84,HOLD,0.0,Prediction below noise floor,True
2019-01-03 19:45:00,3740.8,3703.741455078125,3773.85888671875,4309.30517578125,4000.09,3590.77,2985.9,HOLD,0.0171,Weak signal vs volatility,False
2019-01-03 20:00:00,4000.09,3930.97705078125,3955.046142578125,4691.9228515625,3960.38,3300.28,2869.75,HOLD,0.1794,"Downward move of 1.73%. Strength=0.30×vol, Regime=afternoon.",True
2019-01-03 20:15:00,3960.38,3882.620361328125,3896.776123046875,4624.15673828125,3628.37,3279.22,2805.45,HOLD,0.2038,"Downward move of 1.96%. Strength=0.34×vol, Regime=afternoon.",True
2019-01-03 20:30:00,3628.37,3586.06640625,3585.593994140625,4106.9267578125,3590.77,3065.84,2402.4,HOLD,0.0201,Weak signal vs volatility,True
2019-01-03 20:45:00,3590.77,3525.29541015625,3570.6005859375,4050.979248046875,3300.28,2985.9,2220.53,HOLD,0.1893,"Downward move of 1.82%. Strength=0.31×vol, Regime=afternoon.",True
2019-01-03 21:00:00,3300.28,3272.582763671875,3261.339599609375,3377.255859375,3279.22,2869.75,1999.42,HOLD,0.0145,Weak signal vs volatility,True
2019-01-03 21:15:00,3279.22,3238.014892578125,3219.69970703125,3262.673095703125,3065.84,2805.45,1999.69,HOLD,0.0217,Weak signal vs volatility,True
2019-01-03 21:30:00,3065.84,3045.94970703125,3082.684326171875,3042.37744140625,2985.9,2402.4,1999.87,HOLD,0.0112,Weak signal vs volatility,True
2019-01-03 21:45:00,2985.9,2948.669921875,2948.8369140625,2973.4033203125,2869.75,2220.53,1999.52,HOLD,0.0215,Weak signal vs volatility,True
2019-01-03 22:00:00,2869.75,2842.9609375,2856.211181640625,2901.38916015625,2805.45,1999.42,2240.62,HOLD,0.0161,Weak signal vs volatility,True
2019-01-03 22:15:00,2805.45,2787.681640625,2832.805419921875,2886.384765625,2402.4,1999.69,2220.59,HOLD,0.0109,Weak signal vs volatility,True
2019-01-03 22:30:00,2402.4,2422.331298828125,2471.858642578125,2397.470703125,2220.53,1999.87,2197.66,HOLD,0.0143,Weak signal vs volatility,False
2019-01-03 22:45:00,2220.53,2239.7451171875,2331.187255859375,2289.791748046875,1999.42,1999.52,1999.88,HOLD,0.0149,Weak signal vs volatility,False
2019-01-03 23:00:00,1999.42,2020.7052001953125,2131.60791015625,2101.431396484375,1999.69,2240.62,1999.37,HOLD,0.0184,Weak signal vs volatility,True
2019-01-03 23:15:00,1999.69,2048.222900390625,2146.67138671875,2131.0673828125,1999.87,2220.59,1999.07,BUY,0.2519,"Upward move of 2.43%. Strength=0.42×vol, Regime=afternoon.",True
2019-01-03 23:30:00,1999.87,2053.706787109375,2146.67138671875,2129.755126953125,1999.52,2197.66,1999.03,BUY,0.2795,"Upward move of 2.69%. Strength=0.46×vol, Regime=afternoon.",False
2019-01-03 23:45:00,1999.52,2034.9498291015625,2134.64892578125,2100.416748046875,2240.62,1999.88,1890.8,HOLD,0.1839,"Upward move of 1.77%. Strength=0.31×vol, Regime=afternoon.",True
2019-01-04 00:00:00,2240.62,2229.6669921875,2280.21533203125,2243.61669921875,2220.59,1999.37,1830.83,HOLD,0.0,Prediction below noise floor,True
2019-01-04 00:15:00,2220.59,2229.6669921875,2263.361328125,2227.697998046875,2197.66,1999.07,1830.75,HOLD,0.0,Prediction below noise floor,False
2019-01-04 00:30:00,2197.66,2201.2275390625,2236.74365234375,2208.5537109375,1999.88,1999.03,1830.9,HOLD,0.0,Prediction below noise floor,False
2019-01-04 00:45:00,1999.88,2047.7862548828125,2083.170654296875,2076.5263671875,1999.37,1890.8,1830.8,BUY,0.2487,"Upward move of 2.40%. Strength=0.41×vol, Regime=afternoon.",False
2019-01-04 01:00:00,1999.37,2016.0665283203125,2038.69140625,2014.121826171875,1999.07,1830.83,1830.47,HOLD,0.0144,Weak signal vs volatility,False
2019-01-04 01:15:00,1999.07,1995.69921875,1986.3497314453125,1963.25244140625,1999.03,1830.75,1954.35,HOLD,0.0,Prediction below noise floor,True
2019-01-04 01:30:00,1999.03,1995.69921875,1977.9141845703125,1963.7646484375,1890.8,1830.9,1900.67,HOLD,0.0,Prediction below noise floor,True
2019-01-04 01:45:00,1890.8,1919.4293212890625,1927.0740966796875,1929.6434326171875,1830.83,1830.8,1900.78,HOLD,0.1572,"Upward move of 1.51%. Strength=0.26×vol, Regime=afternoon.",False
2019-01-04 02:00:00,1830.83,1869.6495361328125,1887.9737548828125,1885.00341796875,1830.75,1830.47,1918.53,BUY,0.2201,"Upward move of 2.12%. Strength=0.37×vol, Regime=afternoon.",False
2019-01-04 02:15:00,1830.75,1869.6495361328125,1883.5103759765625,1885.00341796875,1830.9,1954.35,1950.79,BUY,0.2206,"Upward move of 2.12%. Strength=0.37×vol, Regime=afternoon.",True
2019-01-04 02:30:00,1830.9,1869.6495361328125,1886.326416015625,1880.6015625,1830.8,1900.67,1956.84,BUY,0.2197,"Upward move of 2.12%. Strength=0.36×vol, Regime=afternoon.",False
2019-01-04 02:45:00,1830.8,1869.6495361328125,1889.008056640625,1880.6015625,1830.47,1900.78,1964.83,BUY,0.2203,"Upward move of 2.12%. Strength=0.37×vol, Regime=afternoon.",False
2019-01-04 03:00:00,1830.47,1869.6495361328125,1907.6796875,2053.045166015625,1954.35,1918.53,2016.84,BUY,0.2222,"Upward move of 2.14%. Strength=0.37×vol, Regime=afternoon.",True
2019-01-04 03:15:00,1954.35,1969.2392578125,1973.843994140625,2125.837158203125,1900.67,1950.79,2649.8,HOLD,0.0131,Weak signal vs volatility,False
2019-01-04 03:30:00,1900.67,1930.2127685546875,1960.181640625,2131.57080078125,1900.78,1956.84,2674.79,HOLD,0.1614,"Upward move of 1.55%. Strength=0.27×vol, Regime=afternoon.",True
2019-01-04 03:45:00,1900.78,1930.2127685546875,1963.092041015625,2127.492431640625,1918.53,1964.83,2737.67,HOLD,0.1607,"Upward move of 1.55%. Strength=0.27×vol, Regime=afternoon.",True
2019-01-04 04:00:00,1918.53,1961.1966552734375,2067.90625,2181.2294921875,1950.79,2016.84,3050.34,BUY,0.2309,"Upward move of 2.22%. Strength=0.38×vol, Regime=afternoon.",True
2019-01-04 04:15:00,1950.79,1970.5240478515625,2098.437744140625,2183.330078125,1956.84,2649.8,3546.67,HOLD,0.0174,Weak signal vs volatility,True
2019-01-04 04:30:00,1956.84,1971.45166015625,2117.670166015625,2215.442138671875,1964.83,2674.79,3979.32,HOLD,0.0129,Weak signal vs volatility,True
2019-01-04 04:45:00,1964.83,1987.1024169921875,2141.0595703125,2235.41650390625,2016.84,2737.67,4063.54,HOLD,0.0195,Weak signal vs volatility,True
2019-01-04 05:00:00,2016.84,2060.605224609375,2243.16015625,2276.03662109375,2649.8,3050.34,4500.27,BUY,0.2253,"Upward move of 2.17%. Strength=0.37×vol, Regime=afternoon.",True
2019-01-04 05:15:00,2649.8,2629.913818359375,2777.00439453125,2638.828857421875,2674.79,3546.67,4500.97,HOLD,0.0129,Weak signal vs volatility,False
2019-01-04 05:30:00,2674.79,2648.886474609375,2789.274169921875,2654.5537109375,2737.67,3979.32,5110.25,HOLD,0.0167,Weak signal vs volatility,False
2019-01-04 05:45:00,2737.67,2698.355224609375,2808.9482421875,2814.96142578125,3050.34,4063.54,5510.98,HOLD,0.0248,Weak signal vs volatility,False
2019-01-04 06:00:00,3050.34,3039.848876953125,3063.384521484375,3155.9951171875,3546.67,4500.27,6119.92,HOLD,0.0,Prediction below noise floor,False
2019-01-04 06:15:00,3546.67,3492.032958984375,3449.916015625,3617.525634765625,3979.32,4500.97,5250.62,HOLD,0.1599,"Downward move of 1.54%. Strength=0.27×vol, Regime=afternoon.",False
2019-01-04 06:30:00,3979.32,3877.498779296875,3770.56298828125,3842.518798828125,4063.54,5110.25,5250.44,SELL,0.2656,"Downward move of 2.56%. Strength=0.44×vol, Regime=afternoon.",False
2019-01-04 06:45:00,4063.54,4024.21240234375,3953.679931640625,3868.324951171875,4500.27,5510.98,4999.98,HOLD,0.0167,Weak signal vs volatility,False
2019-01-04 07:00:00,4500.27,4370.16748046875,4255.73828125,4471.1123046875,4500.97,6119.92,5630.54,SELL,0.3001,"Downward move of 2.89%. Strength=0.50×vol, Regime=afternoon.",False
2019-01-04 07:15:00,4500.97,4460.51953125,4293.8388671875,4504.09130859375,5110.25,5250.62,5989.54,HOLD,0.0155,Weak signal vs volatility,False
2019-01-04 07:30:00,5110.25,5025.76123046875,4874.08154296875,5173.74560546875,5510.98,5250.44,6027.7,HOLD,0.1716,"Downward move of 1.65%. Strength=0.29×vol, Regime=afternoon.",False
2019-01-04 07:45:00,5510.98,5389.2177734375,5118.44580078125,5316.7373046875,6119.92,4999.98,6282.17,SELL,0.2294,"Downward move of 2.21%. Strength=0.38×vol, Regime=afternoon.",False
2019-01-04 08:00:00,6119.92,6083.98046875,5673.8251953125,6265.1591796875,5250.62,5630.54,5901.15,HOLD,0.0101,Weak signal vs volatility,True
2019-01-04 08:15:00,5250.62,5148.27392578125,5030.95263671875,5222.1201171875,5250.44,5989.54,5785.42,HOLD,0.2023,"Downward move of 1.95%. Strength=0.34×vol, Regime=afternoon.",True
2019-01-04 08:30:00,5250.44,5135.3017578125,5031.830078125,5124.8271484375,4999.98,6027.7,5526.0,SELL,0.2276,"Downward move of 2.19%. Strength=0.38×vol, Regime=afternoon.",True
2019-01-04 08:45:00,4999.98,4909.8037109375,4792.9296875,4899.4697265625,5630.54,6282.17,5540.5,HOLD,0.1872,"Downward move of 1.80%. Strength=0.31×vol, Regime=afternoon.",False
2019-01-04 09:00:00,5630.54,5458.75830078125,5123.3134765625,5150.22998046875,5989.54,5901.15,5000.18,SELL,0.3167,"Downward move of 3.05%. Strength=0.53×vol, Regime=afternoon.",False
2019-01-04 09:15:00,5989.54,5794.98291015625,5418.11767578125,5519.08544921875,6027.7,5785.42,5441.0,SELL,0.3372,"Downward move of 3.25%. Strength=0.56×vol, Regime=afternoon.",False
2019-01-04 09:30:00,6027.7,6090.43603515625,5460.07080078125,5654.8173828125,6282.17,5526.0,4999.97,HOLD,0.0179,Weak signal vs volatility,True
2019-01-04 09:45:00,6282.17,6227.3359375,5746.26708984375,5922.2294921875,5901.15,5540.5,4893.25,HOLD,0.015,Weak signal vs volatility,True
2019-01-04 10:00:00,5901.15,5811.64013671875,5294.77734375,5267.27490234375,5785.42,5000.18,4781.31,HOLD,0.1575,"Downward move of 1.52%. Strength=0.26×vol, Regime=afternoon.",True
2019-01-04 10:15:00,5785.42,5696.037109375,5238.0947265625,4980.3232421875,5526.0,5441.0,4761.47,HOLD,0.1604,"Downward move of 1.54%. Strength=0.27×vol, Regime=afternoon.",True
2019-01-04 10:30:00,5526.0,5424.62109375,4932.8056640625,4956.45654296875,5540.5,4999.97,4393.81,HOLD,0.1904,"Downward move of 1.83%. Strength=0.32×vol, Regime=afternoon.",False
2019-01-04 10:45:00,5540.5,5454.27880859375,4937.82958984375,4885.818359375,5000.18,4893.25,4249.25,HOLD,0.1615,"Downward move of 1.56%. Strength=0.27×vol, Regime=afternoon.",True
2019-01-04 11:00:00,5000.18,4930.52978515625,4589.2197265625,4411.93896484375,5441.0,4781.31,3730.5,HOLD,0.024,Weak signal vs volatility,False
2019-01-04 11:15:00,5441.0,5293.10498046875,4825.60546875,4712.859375,4999.97,4761.47,3511.5,SELL,0.2822,"Downward move of 2.72%. Strength=0.47×vol, Regime=afternoon.",True
2019-01-04 11:30:00,4999.97,4917.5576171875,4571.8056640625,4429.13916015625,4893.25,4393.81,3400.79,HOLD,0.1711,"Downward move of 1.65%. Strength=0.28×vol, Regime=afternoon.",True
2019-01-04 11:45:00,4893.25,4741.2392578125,4457.84326171875,4343.1494140625,4781.31,4249.25,3279.22,SELL,0.3225,"Downward move of 3.11%. Strength=0.54×vol, Regime=afternoon.",True
2019-01-04 12:00:00,4781.31,4674.2216796875,4285.39111328125,4294.45263671875,4761.47,3730.5,3300.97,SELL,0.2325,"Downward move of 2.24%. Strength=0.39×vol, Regime=afternoon.",True
2019-01-04 12:15:00,4761.47,4654.0703125,4265.86083984375,4280.4892578125,4393.81,3511.5,3400.9,SELL,0.2341,"Downward move of 2.26%. Strength=0.39×vol, Regime=afternoon.",True
2019-01-04 12:30:00,4393.81,4300.75927734375,3984.34716796875,3883.307373046875,4249.25,3400.79,3400.7,SELL,0.2198,"Downward move of 2.12%. Strength=0.37×vol, Regime=afternoon.",True
2019-01-04 12:45:00,4249.25,4200.40576171875,3871.75732421875,3780.180908203125,3730.5,3279.22,3499.4,HOLD,0.0198,Weak signal vs volatility,True
2019-01-04 13:00:00,3730.5,3699.387451171875,3741.163818359375,3786.435302734375,3511.5,3300.97,3727.38,HOLD,0.0144,Weak signal vs volatility,True
2019-01-04 13:15:00,3511.5,3533.0341796875,3654.419921875,3698.070556640625,3400.79,3400.9,3800.41,HOLD,0.0106,Weak signal vs volatility,False
2019-01-04 13:30:00,3400.79,3393.64013671875,3537.585205078125,3562.70849609375,3279.22,3400.7,3967.08,HOLD,0.0,Prediction below noise floor,True
2019-01-04 13:45:00,3279.22,3289.168701171875,3458.09521484375,3389.884765625,3300.97,3499.4,3979.21,HOLD,0.0,Prediction below noise floor,True
2019-01-04 14:00:00,3300.97,3336.91259765625,3485.265869140625,3508.799560546875,3400.9,3727.38,4179.67,HOLD,0.0188,Weak signal vs volatility,True
2019-01-04 14:15:00,3400.9,3408.040771484375,3539.7802734375,3668.65234375,3400.7,3800.41,4159.8,HOLD,0.0,Prediction below noise floor,False
2019-01-04 14:30:00,3400.7,3394.005859375,3529.158203125,3688.901123046875,3499.4,3967.08,4179.03,HOLD,0.0,Prediction below noise floor,False
2019-01-04 14:45:00,3499.4,3468.15673828125,3591.176025390625,3734.86328125,3727.38,3979.21,4335.56,HOLD,0.0154,Weak signal vs volatility,False
2019-01-04 15:00:00,3727.38,3707.061767578125,3808.864501953125,4244.55029296875,3800.41,4179.67,4249.4,HOLD,0.0094,Weak signal vs volatility,False
2019-01-04 15:15:00,3800.41,3772.31396484375,3848.3291015625,4319.84716796875,3967.08,4159.8,4669.7,HOLD,0.0127,Weak signal vs volatility,False
2019-01-04 15:30:00,3967.08,3924.4833984375,3988.37158203125,4615.896484375,3979.21,4179.03,4952.39,HOLD,0.0185,Weak signal vs volatility,False
2019-01-04 15:45:00,3979.21,3929.772705078125,4006.89013671875,4656.859375,4179.67,4335.56,5010.84,HOLD,0.0214,Weak signal vs volatility,False
2019-01-04 16:00:00,4179.67,4160.48974609375,4320.11962890625,6331.7216796875,4159.8,4249.4,4999.27,HOLD,0.0,Prediction below noise floor,True
2019-01-04 16:15:00,4159.8,4158.10009765625,4310.0458984375,6170.9228515625,4179.03,4669.7,5100.28,HOLD,0.0,Prediction below noise floor,False
2019-01-04 16:30:00,4179.03,4160.48974609375,4336.71728515625,6399.58203125,4335.56,4952.39,5489.14,HOLD,0.0,Prediction below noise floor,False
2019-01-04 16:45:00,4335.56,4283.94970703125,4453.01220703125,6674.30126953125,4249.4,5010.84,5510.5,HOLD,0.0205,Weak signal vs volatility,True
2019-01-04 17:00:00,4249.4,4242.24365234375,4407.9404296875,6283.537109375,4669.7,4999.27,5510.38,HOLD,0.0,Prediction below noise floor,False
2019-01-04 17:15:00,4669.7,4664.76220703125,4996.68603515625,8701.298828125,4952.39,5100.28,5489.33,HOLD,0.0,Prediction below noise floor,False
2019-01-04 17:30:00,4952.39,4882.318359375,5452.3369140625,9318.400390625,5010.84,5489.14,5250.59,HOLD,0.0244,Weak signal vs volatility,False
2019-01-04 17:45:00,5010.84,5107.45166015625,5721.79638671875,9460.6123046875,4999.27,5510.5,4990.49,HOLD,0.2001,"Upward move of 1.93%. Strength=0.33×vol, Regime=afternoon.",False
2019-01-04 18:00:00,4999.27,5059.75,5444.10498046875,8236.419921875,5100.28,5510.38,4750.89,HOLD,0.0209,Weak signal vs volatility,True
2019-01-04 18:15:00,5100.28,5204.51416015625,5515.61865234375,8467.9462890625,5489.14,5489.33,4250.69,HOLD,0.2122,"Upward move of 2.04%. Strength=0.35×vol, Regime=afternoon.",True
2019-01-04 18:30:00,5489.14,5498.58935546875,5870.90185546875,8477.7705078125,5510.5,5250.59,4056.4,HOLD,0.0,Prediction below noise floor,True
2019-01-04 18:45:00,5510.5,5604.22509765625,5904.30810546875,8544.6630859375,5510.38,4990.49,3798.27,HOLD,0.1766,"Upward move of 1.70%. Strength=0.29×vol, Regime=afternoon.",False
2019-01-04 19:00:00,5510.38,5501.5556640625,5686.25,7645.58154296875,5489.33,4750.89,3500.76,HOLD,0.0,Prediction below noise floor,True
2019-01-04 19:15:00,5489.33,5394.71630859375,5635.0517578125,7633.68115234375,5250.59,4250.69,3500.29,HOLD,0.1789,"Upward move of 1.72%. Strength=0.30×vol, Regime=afternoon.",True
2019-01-04 19:30:00,5250.59,5245.38134765625,5489.50341796875,7767.498046875,4990.49,4056.4,3200.11,HOLD,0.0,Prediction below noise floor,True
2019-01-04 19:45:00,4990.49,4933.74609375,5277.83544921875,7418.67041015625,4750.89,3798.27,3279.13,HOLD,0.0196,Weak signal vs volatility,True
2019-01-04 20:00:00,4750.89,4719.89990234375,4644.76025390625,7235.916015625,4250.69,3500.76,2985.55,HOLD,0.0112,Weak signal vs volatility,True
2019-01-04 20:15:00,4250.69,4206.51416015625,4175.365234375,5078.3525390625,4056.4,3500.29,2500.2,HOLD,0.0179,Weak signal vs volatility,True
2019-01-04 20:30:00,4056.4,4048.403564453125,4079.604736328125,4783.62646484375,3798.27,3200.11,2250.46,HOLD,0.0,Prediction below noise floor,True
2019-01-04 20:45:00,3798.27,3746.55322265625,3782.564208984375,4342.69287109375,3500.76,3279.13,2220.99,HOLD,0.0235,Weak signal vs volatility,True
2019-01-04 21:00:00,3500.76,3510.37255859375,3560.041015625,3794.207763671875,3500.29,2985.55,2220.76,HOLD,0.0,Prediction below noise floor,False
2019-01-04 21:15:00,3500.29,3488.912353515625,3539.819091796875,3774.1044921875,3200.11,2500.2,2240.02,HOLD,0.0,Prediction below noise floor,True
2019-01-04 21:30:00,3200.11,3174.54150390625,3166.665283203125,3222.35888671875,3279.13,2250.46,2230.5,HOLD,0.0138,Weak signal vs volatility,False
2019-01-04 21:45:00,3279.13,3246.841796875,3255.14013671875,3349.03662109375,2985.55,2220.99,2295.5,HOLD,0.017,Weak signal vs volatility,True
2019-01-04 22:00:00,2985.55,2961.978271484375,2972.37890625,3023.849853515625,2500.2,2220.76,,HOLD,0.0136,Weak signal vs volatility,True
2019-01-04 22:15:00,2500.2,2522.85107421875,2627.743408203125,2583.686767578125,2250.46,2240.02,,HOLD,0.0156,Weak signal vs volatility,False
2019-01-04 22:30:00,2250.46,2275.5068359375,2428.091064453125,2397.7529296875,2220.99,2230.5,,HOLD,0.0192,Weak signal vs volatility,False
2019-01-04 22:45:00,2220.99,2247.226318359375,2392.9365234375,2370.65771484375,2220.76,2295.5,,HOLD,0.0204,Weak signal vs volatility,False
2019-01-04 23:00:00,2220.76,2238.81884765625,2344.269775390625,2306.425048828125,2240.02,,,HOLD,0.014,Weak signal vs volatility,True
2019-01-04 23:15:00,2240.02,2238.81884765625,2348.460693359375,2303.572265625,2230.5,,,HOLD,0.0,Prediction below noise floor,True
2019-01-04 23:30:00,2230.5,2238.81884765625,2335.992431640625,2300.82177734375,2295.5,,,HOLD,0.0,Prediction below noise floor,True
2019-01-04 23:45:00,2295.5,2313.59375,2388.65966796875,2319.27001953125,,,,HOLD,0.0136,Weak signal vs volatility,False
2019-01-02 00:00:00,2410.32,2413.48193359375,2415.931396484375,2287.6806640625,2402.82,1999.8,1749.37,HOLD,0.0,Prediction below noise floor,False
2019-01-02 00:15:00,2402.82,2413.48193359375,2413.059326171875,2285.84765625,2402.8,1999.53,1711.25,HOLD,0.0,Prediction below noise floor,False
2019-01-02 00:30:00,2402.8,2413.48193359375,2414.57958984375,2265.9169921875,2070.61,1950.24,1711.55,HOLD,0.0,Prediction below noise floor,False
2019-01-02 00:45:00,2070.61,2102.857421875,2114.983154296875,2114.670166015625,1999.8,1826.7,1716.65,HOLD,0.1617,"Upward move of 1.56%. Strength=0.27×vol, Regime=afternoon.",False
2019-01-02 01:00:00,1999.8,2042.954345703125,2050.350830078125,2013.4395751953125,1999.53,1749.37,1749.13,BUY,0.224,"Upward move of 2.16%. Strength=0.37×vol, Regime=afternoon.",False
2019-01-02 01:15:00,1999.53,2030.3111572265625,2020.7587890625,1973.947509765625,1950.24,1711.25,1749.19,HOLD,0.1598,"Upward move of 1.54%. Strength=0.27×vol, Regime=afternoon.",False
2019-01-02 01:30:00,1950.24,1969.2392578125,1947.591064453125,1902.2337646484375,1826.7,1711.55,1749.41,HOLD,0.0168,Weak signal vs volatility,False
2019-01-02 01:45:00,1826.7,1869.6495361328125,1883.034912109375,1844.72314453125,1749.37,1716.65,1749.69,BUY,0.2441,"Upward move of 2.35%. Strength=0.41×vol, Regime=afternoon.",False
2019-01-02 02:00:00,1749.37,1788.6539306640625,1806.4537353515625,1795.8726806640625,1711.25,1749.13,1800.77,BUY,0.2331,"Upward move of 2.25%. Strength=0.39×vol, Regime=afternoon.",False
2019-01-02 02:15:00,1711.25,1767.9302978515625,1781.6619873046875,1787.192626953125,1711.55,1749.19,1953.88,BUY,0.3438,"Upward move of 3.31%. Strength=0.57×vol, Regime=afternoon.",True
2019-01-02 02:30:00,1711.55,1767.9302978515625,1781.44287109375,1787.192626953125,1716.65,1749.41,1999.68,BUY,0.342,"Upward move of 3.29%. Strength=0.57×vol, Regime=afternoon.",True
2019-01-02 02:45:00,1716.65,1788.6539306640625,1800.834716796875,1795.8726806640625,1749.13,1749.69,1999.59,BUY,0.4354,"Upward move of 4.19%. Strength=0.72×vol, Regime=afternoon.",True
2019-01-02 03:00:00,1749.13,1788.6539306640625,1816.95556640625,1942.5859375,1749.19,1800.77,2124.48,BUY,0.2346,"Upward move of 2.26%. Strength=0.39×vol, Regime=afternoon.",True
2019-01-02 03:15:00,1749.19,1788.6539306640625,1816.6759033203125,1943.517578125,1749.41,1953.88,2270.71,BUY,0.2342,"Upward move of 2.26%. Strength=0.39×vol, Regime=afternoon.",True
2019-01-02 03:30:00,1749.41,1788.6539306640625,1814.84423828125,1939.4879150390625,1749.69,1999.68,1999.92,BUY,0.2329,"Upward move of 2.24%. Strength=0.39×vol, Regime=afternoon.",True
2019-01-02 03:45:00,1749.69,1788.6539306640625,1814.84423828125,1938.1243896484375,1800.77,1999.59,2220.99,BUY,0.2312,"Upward move of 2.23%. Strength=0.38×vol, Regime=afternoon.",True
2019-01-02 04:00:00,1800.77,1869.0048828125,1938.9903564453125,2042.239990234375,1953.88,2124.48,2991.0,BUY,0.3933,"Upward move of 3.79%. Strength=0.65×vol, Regime=afternoon.",True
2019-01-02 04:15:00,1953.88,1970.5240478515625,2055.16845703125,2135.88525390625,1999.68,2270.71,3411.17,HOLD,0.0147,Weak signal vs volatility,True
2019-01-02 04:30:00,1999.68,2042.6590576171875,2163.861572265625,2174.197509765625,1999.59,1999.92,3566.85,BUY,0.2231,"Upward move of 2.15%. Strength=0.37×vol, Regime=afternoon.",False
2019-01-02 04:45:00,1999.59,2042.6590576171875,2174.951171875,2180.300048828125,2124.48,2220.99,3842.95,BUY,0.2236,"Upward move of 2.15%. Strength=0.37×vol, Regime=afternoon.",True
2019-01-02 05:00:00,2124.48,2161.914794921875,2305.08935546875,2232.092041015625,2270.71,2991.0,3979.7,HOLD,0.1829,"Upward move of 1.76%. Strength=0.30×vol, Regime=afternoon.",True
2019-01-02 05:15:00,2270.71,2307.77685546875,2430.64697265625,2312.68115234375,1999.92,3411.17,3990.34,HOLD,0.1695,"Upward move of 1.63%. Strength=0.28×vol, Regime=afternoon.",False
2019-01-02 05:30:00,1999.92,2051.280517578125,2243.056884765625,2237.79052734375,2220.99,3566.85,4942.96,BUY,0.2666,"Upward move of 2.57%. Strength=0.44×vol, Regime=afternoon.",True
2019-01-02 05:45:00,2220.99,2230.95166015625,2422.47314453125,2334.785400390625,2991.0,3842.95,5485.82,HOLD,0.0,Prediction below noise floor,True
2019-01-02 06:00:00,2991.0,2941.105224609375,2934.0537109375,3007.202880859375,3411.17,3979.7,6500.01,HOLD,0.1732,"Downward move of 1.67%. Strength=0.29×vol, Regime=afternoon.",False
2019-01-02 06:15:00,3411.17,3332.572265625,3268.35546875,3550.62841796875,3566.85,3990.34,5795.0,SELL,0.2392,"Downward move of 2.30%. Strength=0.40×vol, Regime=afternoon.",False
2019-01-02 06:30:00,3566.85,3503.259033203125,3418.35546875,3648.358154296875,3842.95,4942.96,6202.75,HOLD,0.1851,"Downward move of 1.78%. Strength=0.31×vol, Regime=afternoon.",False
2019-01-02 06:45:00,3842.95,3741.736083984375,3568.87255859375,3781.873046875,3979.7,5485.82,5814.92,SELL,0.2734,"Downward move of 2.63%. Strength=0.45×vol, Regime=afternoon.",False
2019-01-02 07:00:00,3979.7,3890.8974609375,3831.405029296875,3876.76611328125,3990.34,6500.01,6562.33,SELL,0.2316,"Downward move of 2.23%. Strength=0.38×vol, Regime=afternoon.",False
2019-01-02 07:15:00,3990.34,3901.584228515625,3838.574462890625,3930.36474609375,4942.96,5795.0,5507.34,SELL,0.2309,"Downward move of 2.22%. Strength=0.38×vol, Regime=afternoon.",False
2019-01-02 07:30:00,4942.96,4758.068359375,4625.3994140625,4779.4208984375,5485.82,6202.75,5250.85,SELL,0.3883,"Downward move of 3.74%. Strength=0.64×vol, Regime=afternoon.",False
2019-01-02 07:45:00,5485.82,5273.08544921875,5051.63232421875,5158.24658203125,6500.01,5814.92,5500.34,SELL,0.4026,"Downward move of 3.88%. Strength=0.67×vol, Regime=afternoon.",False
2019-01-02 08:00:00,6500.01,6311.734375,6051.38818359375,6763.51611328125,5795.0,6562.33,5100.16,SELL,0.3007,"Downward move of 2.90%. Strength=0.50×vol, Regime=afternoon.",True
2019-01-02 08:15:00,5795.0,5684.07421875,5233.9052734375,5268.16845703125,6202.75,5507.34,4999.2,HOLD,0.1987,"Downward move of 1.91%. Strength=0.33×vol, Regime=afternoon.",False
2019-01-02 08:30:00,6202.75,6194.8037109375,5693.9775390625,6541.74365234375,5814.92,5250.85,4942.94,HOLD,0.0,Prediction below noise floor,True
2019-01-02 08:45:00,5814.92,5684.07421875,5193.96875,5211.734375,6562.33,5500.34,4942.94,SELL,0.2336,"Downward move of 2.25%. Strength=0.39×vol, Regime=afternoon.",False
2019-01-02 09:00:00,6562.33,6455.017578125,6003.630859375,6586.50048828125,5507.34,5100.16,4000.25,HOLD,0.1698,"Downward move of 1.64%. Strength=0.28×vol, Regime=afternoon.",True
2019-01-02 09:15:00,5507.34,5389.2177734375,4956.744140625,5323.6748046875,5250.85,4999.2,4510.99,SELL,0.2226,"Downward move of 2.14%. Strength=0.37×vol, Regime=afternoon.",True
2019-01-02 09:30:00,5250.85,5135.3017578125,4846.83935546875,4936.10888671875,5500.34,4942.94,4000.05,SELL,0.2284,"Downward move of 2.20%. Strength=0.38×vol, Regime=afternoon.",False
2019-01-02 09:45:00,5500.34,5317.14208984375,4898.3203125,5035.263671875,5100.16,4942.94,3800.1,SELL,0.3457,"Downward move of 3.33%. Strength=0.57×vol, Regime=afternoon.",True
2019-01-02 10:00:00,5100.16,5019.60400390625,4633.58642578125,4646.95654296875,4999.2,4000.25,3800.71,HOLD,0.164,"Downward move of 1.58%. Strength=0.27×vol, Regime=afternoon.",True
2019-01-02 10:15:00,4999.2,4840.5,4587.9140625,4606.916015625,4942.94,4510.99,3667.73,SELL,0.3295,"Downward move of 3.17%. Strength=0.55×vol, Regime=afternoon.",True
2019-01-02 10:30:00,4942.94,4788.8994140625,4531.41552734375,4579.09716796875,4942.94,4000.05,3597.73,SELL,0.3235,"Downward move of 3.12%. Strength=0.54×vol, Regime=afternoon.",True
2019-01-02 10:45:00,4942.94,4786.42236328125,4525.1767578125,4556.14404296875,4000.25,3800.1,3499.9,SELL,0.3287,"Downward move of 3.17%. Strength=0.55×vol, Regime=afternoon.",True
2019-01-02 11:00:00,4000.25,3985.36279296875,3826.42236328125,3668.688720703125,4510.99,3800.71,3422.91,HOLD,0.0,Prediction below noise floor,False
2019-01-02 11:15:00,4510.99,4503.00830078125,4254.615234375,4136.0146484375,4000.05,3667.73,3279.24,HOLD,0.0,Prediction below noise floor,True
2019-01-02 11:30:00,4000.05,3957.336669921875,3779.36376953125,3633.810302734375,3800.1,3597.73,3250.85,HOLD,0.0184,Weak signal vs volatility,True
2019-01-02 11:45:00,3800.1,3750.79833984375,3599.208740234375,3557.178955078125,3800.71,3499.9,3249.28,HOLD,0.0224,Weak signal vs volatility,False
2019-01-02 12:00:00,3800.71,3748.4150390625,3525.656494140625,3574.5068359375,3667.73,3422.91,3120.97,HOLD,0.0237,Weak signal vs volatility,True
2019-01-02 12:15:00,3667.73,3649.265869140625,3471.81494140625,3506.073974609375,3597.73,3279.24,3249.61,HOLD,0.0087,Weak signal vs volatility,True
2019-01-02 12:30:00,3597.73,3594.756591796875,3483.668701171875,3511.457763671875,3499.9,3250.85,3279.07,HOLD,0.0,Prediction below noise floor,True
2019-01-02 12:45:00,3499.9,3484.59619140625,3448.84326171875,3482.816650390625,3422.91,3249.28,3449.18,HOLD,0.0,Prediction below noise floor,True
2019-01-02 13:00:00,3422.91,3416.032958984375,3554.75830078125,3600.802734375,3279.24,3120.97,3465.17,HOLD,0.0,Prediction below noise floor,True
2019-01-02 13:15:00,3279.24,3262.76416015625,3402.703857421875,3365.17529296875,3250.85,3249.61,3470.97,HOLD,0.0087,Weak signal vs volatility,True
2019-01-02 13:30:00,3250.85,3256.110595703125,3375.197509765625,3309.8525390625,3249.28,3279.07,3596.8,HOLD,0.0,Prediction below noise floor,False
2019-01-02 13:45:00,3249.28,3239.189697265625,3368.83642578125,3303.61669921875,3120.97,3449.18,3793.16,HOLD,0.0,Prediction below noise floor,True
2019-01-02 14:00:00,3120.97,3131.297119140625,3291.765625,3417.08154296875,3249.61,3465.17,3699.0,HOLD,0.0,Prediction below noise floor,True
2019-01-02 14:15:00,3249.61,3251.857666015625,3390.2744140625,3404.240478515625,3279.07,3470.97,4068.58,HOLD,0.0,Prediction below noise floor,True
2019-01-02 14:30:00,3279.07,3269.350830078125,3406.0029296875,3466.177001953125,3449.18,3596.8,4779.37,HOLD,0.0,Prediction below noise floor,False
2019-01-02 14:45:00,3449.18,3447.182373046875,3564.549072265625,3704.746337890625,3465.17,3793.16,5002.96,HOLD,0.0,Prediction below noise floor,False
2019-01-02 15:00:00,3465.17,3465.052490234375,3611.783447265625,3905.0712890625,3470.97,3699.0,4000.54,HOLD,0.0,Prediction below noise floor,False
2019-01-02 15:15:00,3470.97,3465.052490234375,3612.318115234375,3909.872314453125,3596.8,4068.58,4179.42,HOLD,0.0,Prediction below noise floor,False
2019-01-02 15:30:00,3596.8,3620.700927734375,3770.037353515625,3987.540283203125,3793.16,4779.37,4942.27,HOLD,0.0115,Weak signal vs volatility,True
2019-01-02 15:45:00,3793.16,3766.3017578125,3843.545654296875,4394.1083984375,3699.0,5002.96,5204.22,HOLD,0.0122,Weak signal vs volatility,True
2019-01-02 16:00:00,3699.0,3690.73046875,3804.655029296875,4717.75146484375,4068.58,4000.54,5100.55,HOLD,0.0,Prediction below noise floor,False
2019-01-02 16:15:00,4068.58,4067.426513671875,4209.38232421875,5483.20361328125,4779.37,4179.42,5100.77,HOLD,0.0,Prediction below noise floor,False
2019-01-02 16:30:00,4779.37,4745.39208984375,4966.2958984375,9422.865234375,5002.96,4942.27,4990.57,HOLD,0.0123,Weak signal vs volatility,False
2019-01-02 16:45:00,5002.96,5061.927734375,5452.13427734375,9680.259765625,4000.54,5204.22,4942.68,HOLD,0.0203,Weak signal vs volatility,False
2019-01-02 17:00:00,4000.54,3998.95556640625,4189.3505859375,5306.8994140625,4179.42,5100.55,4942.36,HOLD,0.0,Prediction below noise floor,False
2019-01-02 17:15:00,4179.42,4168.302734375,4365.517578125,6107.1435546875,4942.27,5100.77,5041.92,HOLD,0.0,Prediction below noise floor,False
2019-01-02 17:30:00,4942.27,4864.412109375,5488.65478515625,9245.4951171875,5204.22,4990.57,4500.15,HOLD,0.1635,"Upward move of 1.58%. Strength=0.27×vol, Regime=afternoon.",False
2019-01-02 17:45:00,5204.22,5229.03076171875,6078.84521484375,9725.4853515625,5100.55,4942.68,4249.94,HOLD,0.0,Prediction below noise floor,False
2019-01-02 18:00:00,5100.55,5204.51416015625,5501.46142578125,8371.302734375,5100.77,4942.36,4000.96,HOLD,0.2116,"Upward move of 2.04%. Strength=0.35×vol, Regime=afternoon.",True
2019-01-02 18:15:00,5100.77,5189.3095703125,5453.5849609375,8517.0146484375,4990.57,5041.92,3600.53,HOLD,0.1802,"Upward move of 1.74%. Strength=0.30×vol, Regime=afternoon.",False
2019-01-02 18:30:00,4990.57,4988.26123046875,5328.8486328125,8247.669921875,4942.68,4500.15,3594.48,HOLD,0.0,Prediction below noise floor,True
2019-01-02 18:45:00,4942.68,4919.73046875,5153.064453125,8173.53125,4942.36,4249.94,3448.45,HOLD,0.0,Prediction below noise floor,True
2019-01-02 19:00:00,4942.36,4864.02392578125,5054.853515625,7557.34423828125,5041.92,4000.96,3061.57,HOLD,0.1645,"Upward move of 1.58%. Strength=0.27×vol, Regime=afternoon.",False
2019-01-02 19:15:00,5041.92,5070.2978515625,5220.115234375,7780.87548828125,4500.15,3600.53,2984.24,HOLD,0.0097,Weak signal vs volatility,False
2019-01-02 19:30:00,4500.15,4446.80078125,4369.396484375,6391.03271484375,4249.94,3594.48,2658.79,HOLD,0.0204,Weak signal vs volatility,True
2019-01-02 19:45:00,4249.94,4234.31884765625,4218.58056640625,5109.0859375,4000.96,3448.45,2459.42,HOLD,0.0,Prediction below noise floor,True
2019-01-02 20:00:00,4000.96,3983.603759765625,4028.386962890625,4756.328125,3600.53,3061.57,2464.0,HOLD,0.0,Prediction below noise floor,True
2019-01-02 20:15:00,3600.53,3610.18603515625,3727.050048828125,4137.28271484375,3594.48,2984.24,2402.93,HOLD,0.0,Prediction below noise floor,False
2019-01-02 20:30:00,3594.48,3583.638671875,3685.48291015625,4043.88330078125,3448.45,2658.79,2683.15,HOLD,0.0,Prediction below noise floor,True
2019-01-02 20:45:00,3448.45,3405.24169921875,3484.9716796875,3873.32373046875,3061.57,2459.42,2763.92,HOLD,0.0216,Weak signal vs volatility,True
2019-01-02 21:00:00,3061.57,3062.4677734375,3118.071533203125,3121.934814453125,2984.24,2464.0,2503.5,HOLD,0.0,Prediction below noise floor,False
2019-01-02 21:15:00,2984.24,2961.978271484375,2972.0263671875,3026.234375,2658.79,2402.93,2584.47,HOLD,0.0129,Weak signal vs volatility,True
2019-01-02 21:30:00,2658.79,2654.448486328125,2745.96435546875,2722.056640625,2459.42,2683.15,2500.91,HOLD,0.0,Prediction below noise floor,True
2019-01-02 21:45:00,2459.42,2467.464111328125,2563.826904296875,2557.52685546875,2464.0,2763.92,2402.81,HOLD,0.0,Prediction below noise floor,True
2019-01-02 22:00:00,2464.0,2470.110107421875,2530.494384765625,2451.421875,2402.93,2503.5,1999.41,HOLD,0.0,Prediction below noise floor,False
2019-01-02 22:15:00,2402.93,2427.772216796875,2472.59912109375,2392.969482421875,2683.15,2584.47,1999.09,HOLD,0.0178,Weak signal vs volatility,True
2019-01-02 22:30:00,2683.15,2661.89208984375,2717.705810546875,2669.164306640625,2763.92,2500.91,1840.98,HOLD,0.0137,Weak signal vs volatility,False
2019-01-02 22:45:00,2763.92,2743.3515625,2785.97607421875,2735.776123046875,2503.5,2402.81,1796.5,HOLD,0.0128,Weak signal vs volatility,True
2019-01-02 23:00:00,2503.5,2515.329833984375,2591.09619140625,2526.8837890625,2584.47,1999.41,1749.94,HOLD,0.0,Prediction below noise floor,True
